[
  {
    "group": "jdbc",
    "name": "sql",
    "className": "org.apache.zeppelin.jdbc.JDBCInterpreter",
    "properties": {
      "default.url": {
        "envName": null,
        "propertyName": "default.url",
        "defaultValue": "jdbc:postgresql://localhost:5432/",
        "description": "The URL for JDBC."
      },
      "default.user": {
        "envName": null,
        "propertyName": "default.user",
        "defaultValue": "gpadmin",
        "description": "The JDBC user name"
      },
      "default.password": {
        "envName": null,
        "propertyName": "default.password",
        "defaultValue": "",
        "description": "The JDBC user password"
      },
      "default.driver": {
        "envName": null,
        "propertyName": "default.driver",
        "defaultValue": "org.postgresql.Driver",
        "description": "JDBC Driver Name"
      },
      "common.max_count": {
        "envName": null,
        "propertyName": "common.max_count",
        "defaultValue": "1000",
        "description": "Max number of SQL result to display."
      },
      "zeppelin.jdbc.auth.type": {
        "envName": null,
        "propertyName": "zeppelin.jdbc.auth.type",
        "defaultValue": "",
        "description": "If auth type is needed, Example: KERBEROS"
      },
      "zeppelin.jdbc.concurrent.use": {
        "envName": null,
        "propertyName": "zeppelin.jdbc.concurrent.use",
        "defaultValue": "true",
        "description": "Use parallel scheduler"
      },
      "zeppelin.jdbc.concurrent.max_connection": {
        "envName": null,
        "propertyName": "zeppelin.jdbc.concurrent.max_connection",
        "defaultValue": "10",
        "description": "Number of concurrent execution"
      },
      "zeppelin.jdbc.keytab.location": {
        "envName": null,
        "propertyName": "zeppelin.jdbc.keytab.location",
        "defaultValue": "",
        "description": "Kerberos keytab location"
      },
      "zeppelin.jdbc.principal": {
        "envName": null,
        "propertyName": "zeppelin.jdbc.principal",
        "defaultValue": "",
        "description": "Kerberos principal"
      }
    },
    "editor": {
      "language": "sql",
      "editOnDblClick": false
    }
  }
]
