[
  {
    "group": "lens",
    "name": "lens",
    "className": "org.apache.zeppelin.lens.LensInterpreter",
    "properties": {
      "zeppelin.lens.run.concurrent": {
        "envName": null,
        "propertyName": "zeppelin.lens.run.concurrent",
        "defaultValue": "true",
        "description": "Run concurrent Lens Sessions"
      },
      "zeppelin.lens.maxThreads": {
        "envName": null,
        "propertyName": "zeppelin.lens.maxThreads",
        "defaultValue": "10",
        "description": "If concurrency is true then how many threads?"
      },
      "zeppelin.lens.maxResults": {
        "envName": null,
        "propertyName": "zeppelin.lens.maxResults",
        "defaultValue": "1000",
        "description": "max number of rows to display"
      },
      "lens.server.base.url": {
        "envName": null,
        "propertyName": "lens.server.base.url",
        "defaultValue": "http://<hostname>:<port>/lensapi",
        "description": "The URL for Lens Server"
      },
      "lens.client.dbname": {
        "envName": null,
        "propertyName": "lens.client.dbname",
        "defaultValue": "default",
        "description": "The database schema name"
      },
      "lens.query.enable.persistent.resultset": {
        "envName": null,
        "propertyName": "lens.query.enable.persistent.resultset",
        "defaultValue": "false",
        "description": "Apache Lens to persist result in HDFS?"
      },
      "lens.session.cluster.user": {
        "envName": null,
        "propertyName": "lens.session.cluster.user",
        "defaultValue": "default",
        "description": "Hadoop cluster username"
      }
    }
  }
]
