[
  {
    "group": "python",
    "name": "python",
    "className": "org.apache.zeppelin.python.PythonInterpreter",
    "properties": {
      "zeppelin.python": {
        "envName": null,
        "propertyName": "zeppelin.python",
        "defaultValue": "python",
        "description": "Python directory. It is set to python by default.(assume python is in your $PATH)"
      },
      "zeppelin.python.maxResult": {
        "envName": null,
        "propertyName": "zeppelin.python.maxResult",
        "defaultValue": "1000",
        "description": "Max number of dataframe rows to display."
      }
    },
    "editor": {
      "language": "python",
      "editOnDblClick": false
    }
  },
  {
    "group": "python",
    "name": "sql",
    "className": "org.apache.zeppelin.python.PythonInterpreterPandasSql",
    "properties": {
    },
    "editor":{
      "language": "sql",
      "editOnDblClick": false
    }
  },
  {
    "group": "python",
    "name": "conda",
    "className": "org.apache.zeppelin.python.PythonCondaInterpreter",
    "properties": {
    },
    "editor":{
      "language": "sh",
      "editOnDblClick": false
    }
  },
  {
    "group": "python",
    "name": "docker",
    "className": "org.apache.zeppelin.python.PythonDockerInterpreter",
    "properties": {
    },
    "editor":{
      "language": "sh",
      "editOnDblClick": false
    }
  }
]
